pair_name,family,trials,baseline_large_tps,baseline_large_elapsed_ms,avg_target_baseline_generate_ms_per_token,speculative_tps,speedup,acceptance_rate,all_accept_round_rate,resample_round_rate,avg_accepted_per_round,avg_contributed_per_round,avg_draft_generate_ms_per_round,avg_target_verify_ms_per_round,draft_generate_ms_total,target_verify_ms_total,rounds,generated_tokens
opt_125m_to_1p3b,opt,72,3.7823944305555566,17356.341520833346,264.58251002777774,13.023766736111106,3.4367301666666665,0.7974639305555558,0.7237826388888888,0.276217361111111,3.0815773611111106,4.081577361111112,25.931538874999994,281.9870412499999,411.0423916666666,4909.33739583333,17.430555555555557,65.625
qwen25_0p5b_to_3b,qwen2.5,72,8.797218999999998,7525.624093055555,113.81903947222219,20.03179736111111,2.274048777777778,0.8675349583333329,0.7926586388888888,0.2073413611111111,3.3839160833333324,4.383916083333333,88.05387363888887,123.82197276388882,1291.938461111111,2033.0615750000002,16.444444444444443,66.15277777777777
distilgpt2_to_gpt2_medium,gpt2,72,93.5268078611111,708.8434874999998,10.790691416666668,107.15356663888888,1.1458279027777774,0.7039629027777781,0.5977731388888885,0.40222686111111083,2.6497339166666665,3.649733916666667,16.698408041666667,15.026464138888892,305.31547638888895,292.55441111111116,19.61111111111111,65.73611111111111
pythia_160m_to_1b,pythia,72,95.67839827777776,692.8038624999999,10.463785874999996,84.6700617638889,0.8848510138888888,0.7998837777777781,0.6978217916666667,0.3021782083333332,3.1172019166666667,4.117201916666666,32.09600175,14.017089097222216,504.1574680555554,241.58775833333337,17.541666666666668,66.25
