pair_name,family,trials,baseline_large_tps,baseline_large_elapsed_ms,avg_target_baseline_generate_ms_per_token,speculative_tps,speedup,acceptance_rate,all_accept_round_rate,resample_round_rate,avg_accepted_per_round,avg_contributed_per_round,avg_draft_generate_ms_per_round,avg_target_verify_ms_per_round,draft_generate_ms_total,target_verify_ms_total,rounds,generated_tokens
opt_125m_to_1p3b,opt,240,57.172598020833334,1146.7343363375,17.502921283333333,65.45692314583333,1.1444742208333334,0.8126558916666667,0.7418648999999999,0.2581351,2.7844734333333334,3.7844734333333334,34.940253399999996,21.49578795,597.8862217833333,388.64222612916666,18.183333333333334,65.54166666666667
qwen25_0p5b_to_3b,qwen2.5,240,24.429293816666664,2675.3458667875,40.953829899999995,26.165415616666667,1.0715574583333334,0.8734169791666667,0.8206372000000001,0.1793628,3.042057825,4.042057825,101.2490872125,50.772718312500004,1616.1339955458332,869.1487447708333,17.1875,65.35
opt_1p3b_to_6p7b,opt,240,43.794110575,1501.2864500125,22.845638779166666,44.667131508333334,1.0204610791666666,0.8877383041666668,0.8419487625,0.1580512375,3.0847515999999997,4.0847516,64.95012968333333,25.01716436666667,1031.3640494416666,424.31491250833335,17.0625,65.74166666666666
pythia_410m_to_2p8b,pythia,240,36.64242054583334,1795.6942472666667,27.305872066666666,36.79377322916666,1.0044075749999999,0.8639693833333334,0.7983330583333333,0.20166694166666668,2.9980020499999998,3.9980020499999998,74.73206148333334,32.23363679166667,1212.5434911666666,558.6960934583333,17.4125,65.79166666666667
pythia_160m_to_1b,pythia,240,71.02811587916668,924.5773468916667,14.086919991666667,64.52450077083333,0.9086765416666667,0.8232570208333333,0.7428531041666667,0.25714689583333333,2.828286654166667,3.828286654166667,40.15997496666667,17.964788625,679.0999977083334,320.5735285458333,17.979166666666668,65.6625
