pair_name,family,trials,baseline_large_tps,baseline_large_elapsed_ms,avg_target_baseline_generate_ms_per_token,speculative_tps,speedup,acceptance_rate,all_accept_round_rate,resample_round_rate,avg_accepted_per_round,avg_contributed_per_round,avg_draft_generate_ms_per_round,avg_target_verify_ms_per_round,draft_generate_ms_total,target_verify_ms_total,rounds,generated_tokens
opt_1p3b_to_6p7b,opt,96,18.227755822916667,3609.4760065416667,54.892416760416666,30.90563733333333,1.6953404895833335,0.8715669270833333,0.8063698333333332,0.19363016666666666,3.42027028125,4.4202702812500005,77.01416046875,61.53382375,1115.76293496875,1000.1647380104167,16.354166666666668,65.79166666666667
qwen25_0p5b_to_3b,qwen2.5,96,22.314678999999998,2945.9380906145834,44.84843164583333,25.308814739583337,1.1342981458333334,0.8867310833333333,0.84002353125,0.15997646875000002,3.534508885416667,4.534508885416667,124.42413152083333,51.05812417708333,1757.5094508437498,821.88647196875,16.208333333333332,65.72916666666667
opt_125m_to_1p3b,opt,96,56.23686158333334,1173.79934765625,17.809095260416665,62.11295210416667,1.1050757291666666,0.8194440625,0.74494125,0.25505875,3.1775545937499996,4.17755459375,41.706383875,23.50425086458333,645.3179541875,400.37894654166666,17.197916666666668,65.9375
pythia_410m_to_2p8b,pythia,96,35.50827603125,1862.1293960729165,28.178949979166664,35.72297521875,1.0065371145833333,0.8539027604166667,0.7689416770833333,0.23105832291666664,3.3620224583333336,4.362022458333334,87.90338741666666,32.41332678125,1296.8816481041665,536.9835205416667,16.71875,66.11458333333333
pythia_160m_to_1b,pythia,96,67.35386546875,978.5146745729166,14.861368416666666,61.59165022916667,0.9145867604166668,0.8039259270833333,0.6954848541666667,0.30451514583333333,3.1348601041666666,4.134860104166667,47.438403812500006,18.459922083333336,736.2190669583333,315.8727349895833,17.375,65.88541666666667
smollm2_135m_to_1p7b,smollm2,96,38.238052697916665,1721.8718114270832,26.17160839583333,23.767844562500002,0.6223703958333333,0.8140033125,0.7179343958333333,0.28206560416666665,3.1577860625,4.1577860625000005,144.17061507291666,32.80933341666667,2224.6007905104166,560.4771385208334,17.21875,65.83333333333333
