pair_name,family,trials,baseline_large_tps,baseline_large_elapsed_ms,avg_target_baseline_generate_ms_per_token,speculative_tps,speedup,acceptance_rate,all_accept_round_rate,resample_round_rate,avg_accepted_per_round,avg_contributed_per_round,avg_draft_generate_ms_per_round,avg_target_verify_ms_per_round,draft_generate_ms_total,target_verify_ms_total,rounds,generated_tokens
opt_125m_to_1p3b,opt,36,56.545302944444444,1163.0726231944443,17.77354272222222,57.544719666666666,1.014825222222222,0.8590762222222222,0.7958907777777777,0.20410922222222222,2.843335638888889,3.843335638888889,40.76577038888889,28.568599888888887,692.6768036944445,517.8583038055555,18.27777777777778,65.47222222222223
qwen25_0p5b_to_3b,qwen2.5,36,24.206870666666667,2700.6627868611113,41.33447047222222,24.128939972222224,0.9951681944444446,0.8888683611111111,0.8577529722222222,0.14224702777777776,2.9050207500000003,3.9050207500000003,105.08976927777778,58.10879297222222,1733.0685100555556,1029.6061096111112,17.75,65.36111111111111
opt_1p3b_to_6p7b,opt,36,42.86117702777778,1529.3424099166668,23.34657725,39.94871802777778,0.9304373611111111,0.9223439444444446,0.88570625,0.11429375000000001,3.0311819722222224,4.031181972222222,69.86455961111112,33.57886063888889,1110.3924843055556,567.5283272222222,17.333333333333332,65.52777777777777
pythia_410m_to_2p8b,pythia,36,36.16305988888889,1810.0060284444444,27.670235555555553,31.92831661111111,0.8824080833333334,0.8116736111111111,0.7372587500000001,0.26274125000000004,2.6366943333333333,3.6366943333333333,77.41325769444444,38.32723994444444,1378.810857472222,728.1512862777778,19.02777777777778,65.44444444444444
pythia_160m_to_1b,pythia,36,71.54516488888889,920.3001056944445,13.984041305555555,55.37082869444444,0.7752618333333333,0.8184958611111112,0.73517775,0.26482225000000004,2.678593638888889,3.678593638888889,44.83142872222223,24.294762916666667,792.8833063611111,455.8793126944444,19.0,65.83333333333333
