pair_name,family,trials,baseline_large_tps,speculative_tps,speedup,acceptance_rate,all_accept_round_rate,resample_round_rate,avg_accepted_per_round,avg_contributed_per_round,avg_draft_generate_ms_per_round,avg_target_verify_ms_per_round,draft_generate_ms_total,target_verify_ms_total,rounds,generated_tokens
distilgpt2_to_gpt2_medium,gpt2,480,55.04641689583333,68.3436261625,1.2393027666666667,0.7541340666666667,0.65934805625,0.34065194375,2.2293619687499997,3.2293619687499997,22.996730825,25.35725541875,463.1312400166667,535.0587257625,21.466666666666665,65.42291666666667
qwen25_0p5b_to_3b,qwen2.5,480,22.997055283333335,23.456769916666666,1.0199907125,0.8730168749999999,0.8334995604166667,0.16650043958333333,2.59377324375,3.59377324375,97.61494148958333,56.00995461875,1767.4592310416667,1080.2192915416667,19.308333333333334,65.50416666666666
qwen25_1p5b_to_3b,qwen2.5,480,22.748293270833337,21.831713545833335,0.9593906104166667,0.9172003270833333,0.8917055,0.1082945,2.7341568749999996,3.7341568750000005,114.4786108125,56.901929027083334,1975.5641154625,1049.2078016333332,18.539583333333333,65.3625
opt_125m_to_1p3b,opt,480,58.83987859166667,54.59887002083334,0.9360930229166667,0.8263009708333333,0.761290075,0.23870992500000002,2.438105025,3.438105025,36.289958508333335,28.771986716666667,685.3946891583333,568.83402838125,19.96875,65.39791666666666
qwen25_0p5b_to_1p5b,qwen2.5,480,30.163144622916665,26.04056473541667,0.8632920624999999,0.89261545625,0.8505327416666667,0.14946725833333335,2.6544335125,3.6544335125,96.52107129375001,44.99931599166667,1706.0310528770833,847.11212496875,18.920833333333334,65.39375
pythia_160m_to_1b,pythia,480,71.13678530625,57.10682202708333,0.8022345875,0.8435844270833334,0.7831016229166666,0.21689837708333334,2.497577510416667,3.497577510416667,40.719289337499994,23.341572827083333,757.8213763125,456.1778014083333,19.71875,65.45416666666667
